1,2,3,4,5,6,7,8,9,10
Greys Anatomy,Jane the Virgin,Bernstein Bears,Calliou,Mary Poppins,Lemonade Mouth,Jessie,Highschool Musical,KC undercover,Good luck Charlie
New Girl,Gilmore Girls,Pride and Prejudice,Friends,Atypical,The Devil Wears Prada,Parent Trap,Criminal Minds,Parent Trap,The Bee Movie
The Devil Wears Prada,Tangled,Breaking Bad,,,,,,,
Ratatouille,Around the World in 80 Days,Inception,Ted Lasso,Kiki's Delivery Service,,,,,
South Park,,,,,,,,,
Ginny & Georgia,,,,,,,,,
Star Wars: Return of the Jedi,1917,Fever Pitch,Everything Everywhere All at Once,Midsommar,,,,,
Infinity War,,,,,,,,,
The Avengers,Star Wars: Episode IV â€“ A New Hope,Spider-Man,Black Panther,The Mandalorian,Iron Man,Star Wars: Episode V - The Empire Strikes Back,The Batman,Peacemaker,The Boys
The rookie,Star wars,John wick,The Simons,Community,Kims convenience,,,,
The Office,Brooklyn Nine Nine,,,,,,,,
Heartstopper,A Silent Voice,Nope,Get Out,,,,,,
Arcane,Breaking Bad,,,,,,,,
The Godfather,The Office,A Few Good Men,Good Will Hunting,Blacklist,,,,,
Breaking Bad,Baby Driver,Regular Show,Limitless,,,,,,
Crazy Rich Asians,Lala Land,The Office,,,,,,,
The Office,The Big Bang Theory,Up,Bohemian Rhapsody,,,,,,
Shrek,Star Wars,,,,,,,,
SpongeBob,,,,,,,,,
Harry potter,Dickinson,Lost in space,The princess bride,The princess diaries,Supergirl,Free guy,The office,Black widow,Hawkeye
Oshi no Ko,Satsurkiu no Tenshi,,,,,,,,
Criminal Minds,Jane the Virgin,It,Never Have I Ever,The Summer I turned Pretty,Outer Banks,The Runarounds,The Passions of Santos,Sex Education,Love Island
alice in borderland,,,,,,,,,
The Good Place,Knives Out,Legally Blonde,,,,,,,
Agents of SHIELD,BLACKPINK: Light Up The Sky,Snowdrop,Crash Landing On You,Loki,WandaVision,The Falcon and the Winter Soldier,,,
Johnny English,22 Jump Street,Ted Lasso,,,,,,,
South Park,Psych,22 Jump Street,Stepbrothers,,,,,,
The Good Place,You,Tangled,How to Lose a Guy in 10 Days,pen15,Superbad,the Menu,,,
BREAKING BAD,BREAKING BAD,BREAKING BAD,BREAKING BAD,BREAKING BAD,BREAKING BAD,BREAKING BAD,BREAKING BAD,BREAKING BAD,BREAKING BAD
The Office,Parks and Recreation,,,,,,,,
Forrest Gump,21 Jump Street,,,,,,,,
Interstellar,Blade Runner 2049,The Whale,Fight Club,,,,,,
Saving Private Ryan,,,,,,,,,
Fast And Furious,,,,,,,,,
Euphoria,Fast and Furious,Love Island,,,,,,,
Outer Banks,Airplane,Ratatouille,Ted Lasso,Project X,,,,,
Firefly Lane,Arrival,Night Agent,young royals,,,,,,
Ratatouille,Top Gun,Alien,Star Trek,Star Wars,,,,,
The White Lotus,Top Gun: Maverick,,,,,,,,
Wolf Of Wallstreet,Caddy Shack,The Martian,Breakfast Club,,,,,,
Creed 3,Top Gun,Avatar 2,Ratatouille,Fortnite,Nemo,James Bond,James Bond,Top gun,Star Wars
Gossip Girl,Vampire Diaries,Gilmore Girls,The Avengers,New Girl,Grey's Anatomy,Scream,Ginny & Georgia,Never have I ever,The summer I turned pretty
James Bond,Dark Knight,Rambo: First Blood,Impractical Jokers,300,Lord of the Rings,Dark Knight Rises,Batman Begins,Return of the King,
Mario,,,,,,,,,
New Girl,The Winx Club,Rick and Morty,American Dad,South Park,,The Vampire Diaries,,,
Angels of Death,Bocchi the Rock,Ranpo Kitan: Game of Laplace,ID invaded,That Time I got Reincarnated as a Slime,,,,,
shutter island,angels and demons,scream,harry potter series,10 things i hate about you,clueless,mean girls,,,
The Boy Who Harnessed the Wind,Scream,Nightmare Alley,Yesterday,Ted Lasso,Lupin,Hoosiers,Last Chance U,Outer Banks,Moneyball
Rocky,Creed,The Last of Us,Cars,,,,,,
Breaking Bad,Better Call Saul,The Good Place,The Truman Show,Avengers Endgame,Bojack Horseman,Nightcrawler,,,
Breaking Bad,John Wick,Better Call Saul,Tomorrow War,The Office,Avengers Endgame,Black Panther,Spiderman: No Way Home,,
The Night Agent,The Rookie,Gilmore Girls,Fate Winx Saga,The Recruit,Shadow and Bone,You,Red Notice,The Hunger Games,
Breaking Bad,Creed,Rocky,Scream,,,,,,
Titanic,Red Notice,Never Have I Ever,The Summer I Turned Pretty,Mission Impossible - Ghost Protocal,2012,Parent Trap,You Again,Mean Girls,Shes The Man
breaking bad,cars
shutter island,breaking bad,the avengers,top gun
cars,creed 3,scream vi
rocky,mario movie,better call saul,iron man
scream,spider-man,the avengers,avatar,breaking bad
titanic,oceans 8
the hunger games,the night agent,bullet train
minions,fortnite,toy story 3
guardians of the galaxy,the avengers,top gun maverick,minions,mario movie
oshi no ko,your name
breaking bad,criminal minds,fbi
fbi,bones,criminal minds,ncis
tron,guardians of the galaxy,up,sixteen candles,toy story 2
top gun,star trek,star wars,the avengers,toy story
up,war dogs,ratatouille,spider-man
die hard,top gun
minionx,noah persily
guardians of the galaxy,wonderwoman 84,minions
godfather,godfather part ii,hoosiers,casablanca,lego movie,minions,risky business,ferris bueller,sixteen candles,pretty in pink
ted lasso,breaking bad,succession
spider-man,the avengers,john wick,home alone 3,toy story 3
coco,the avengers,minions
diamonds are forever,doctor no,her majesty's secret service,indana jones and the temple of doom,ben hur
airplane,monty python,up
everything everywhere all at once,banshees of inisherin,derry girls,star wars
batman begins,star wars,fight club,minions,kung fu panda
minions,cars 2
